"ID","SUBREG.x","MEDIA_ALTU","SUMA_DAP_X","AREA_BASAL","richness","long","lat","FECHA_UM_A","PENDIENT_1","FECHA_UM_1"
22083036,"Chaco SemiĂƒÆ’Ă‚Â¡rido","6.7375","6.079839343","14.22134969",28,"-62.34205556","-25.02611111",2017,"sin_pendiente",2017
22083037,"Chaco SemiĂƒÆ’Ă‚Â¡rido","5.723529412","4.663261395","7.292167792",35,"-62.34166667","-25.11713889",2017,"sin_pendiente",2017
22083039,"Chaco SemiĂƒÆ’Ă‚Â¡rido","7.753421053","6.657398678","14.45805259",38,"-62.34057778","-25.29787778",2017,"sin_pendiente",2017
22083040,"Chaco SemiĂƒÆ’Ă‚Â¡rido","5.897674419","5.929374472","11.10603284",43,"-62.34","-25.38805556",2018,"sin_pendiente",2018
22083041,"Chaco SemiĂƒÆ’Ă‚Â¡rido","6.806666667","5.918706115","12.56077866",30,"-62.33944444","-25.47836111",2018,"sin_pendiente",2018
22083042,"Chaco SemiĂƒÆ’Ă‚Â¡rido","7.264285714","6.078908347","15.1122551",28,"-62.33897222","-25.56861111",2018,"sin_pendiente",2018
22084029,"Chaco SemiĂƒÆ’Ă‚Â¡rido","5.233333333","4.583232358","8.384585088",33,"-62.24672222","-24.39466667",2018,"sin_pendiente",2018
22084030,"Chaco SemiĂƒÆ’Ă‚Â¡rido","5.545945946","5.333979744","10.17547778",37,"-62.24611111","-24.48494444",2018,"sin_pendiente",2018
22084031,"Chaco SemiĂƒÆ’Ă‚Â¡rido","6.834210526","7.017239037","15.72082",38,"-62.24555556","-24.57519444",2018,"sin_pendiente",2018
22084034,"Chaco SemiĂƒÆ’Ă‚Â¡rido","6.215151515","5.400918492","11.37481761",33,"-62.24397222","-24.84602778",2018,"sin_pendiente",2018
22084035,"Chaco SemiĂƒÆ’Ă‚Â¡rido","6.07030303","5.278302602","13.930402",33,"-62.24338889","-24.93627778",2017,"sin_pendiente",2017
22084036,"Chaco SemiĂƒÆ’Ă‚Â¡rido","6.669230769","4.169558904","9.042338614",26,"-62.24283333","-25.02655556",2017,"sin_pendiente",2017
22084037,"Chaco SemiĂƒÆ’Ă‚Â¡rido","6.55","5.41833226","9.364095507",35,"-62.24263889","-25.11680556",2017,"sin_pendiente",2017
22084039,"Chaco SemiĂƒÆ’Ă‚Â¡rido","6.529245283","7.681592427","14.34697035",53,"-62.24128333","-25.29738889",2017,"sin_pendiente",2017
22084041,"Chaco SemiĂƒÆ’Ă‚Â¡rido","6.195652174","4.680341184","11.18542458",23,"-62.24","-25.47786111",2018,"sin_pendiente",2018
22085028,"Chaco SemiĂƒÆ’Ă‚Â¡rido","5.334375","5.654827994","11.01042986",32,"-62.14869444","-24.30383333",2018,"sin_pendiente",2018
22085033,"Chaco SemiĂƒÆ’Ă‚Â¡rido","5.913157895","5.399889848","12.09143131",38,"-62.14565","-24.75521667",2018,"sin_pendiente",2018
22085034,"Chaco SemiĂƒÆ’Ă‚Â¡rido","6.967567568","5.59001077","10.27361258",37,"-62.14533333","-24.84541667",2018,"sin_pendiente",2018
22085035,"Chaco SemiĂƒÆ’Ă‚Â¡rido","6.2","3.821255322","8.768060689",19,"-62.14438889","-24.93572222",2017,"sin_pendiente",2017
22085037,"Chaco SemiĂƒÆ’Ă‚Â¡rido","6.637073171","7.120881989","14.51837879",41,"-62.14322222","-25.116225",2017,"sin_pendiente",2017
22085039,"Chaco SemiĂƒÆ’Ă‚Â¡rido","6.714285714","3.359677083","5.333797971",21,"-62.14216667","-25.29708333",2017,"sin_pendiente",2017
22085041,"Chaco SemiĂƒÆ’Ă‚Â¡rido","5.636666667","5.404908865","11.53758871",30,"-62.14061111","-25.47730556",2018,"sin_pendiente",2018
22085042,"Chaco SemiĂƒÆ’Ă‚Â¡rido","6.807317073","7.328004409","11.1611048",41,"-62.13997222","-25.56758333",2018,"sin_pendiente",2018
22086032,"Chaco SemiĂƒÆ’Ă‚Â¡rido","5.58","4.627486715","8.254311094",25,"-62.04766667","-24.66347222",2018,"sin_pendiente",2018
22086034,"Chaco SemiĂƒÆ’Ă‚Â¡rido","5.397219512","5.350910225","10.67832582",41,"-62.04608333","-24.84491667",2017,"sin_pendiente",2017
22086037,"Chaco SemiĂƒÆ’Ă‚Â¡rido","5.976818182","6.759722248","14.94688519",44,"-62.04411667","-25.11558611",2017,NA,2017
22087029,"Chaco SemiĂƒÆ’Ă‚Â¡rido","6.368965517","6.83259644","15.68447248",29,"-61.95094444","-24.39288889",2018,"sin_pendiente",2018
22087030,"Chaco SemiĂƒÆ’Ă‚Â¡rido","6.888888889","5.879099036","15.78573457",27,"-61.95019444","-24.48316667",2018,"sin_pendiente",2018
22087032,"Chaco SemiĂƒÆ’Ă‚Â¡rido","5.987804878","5.43087689","11.92469998",41,"-61.94872222","-24.66375",2017,NA,2017
22087033,"Chaco SemiĂƒÆ’Ă‚Â¡rido","6.2625","5.240944684","8.087498729",32,"-61.94794444","-24.75394444",2018,NA,2018
22087034,"Chaco SemiĂƒÆ’Ă‚Â¡rido","6.029411765","5.673906504","12.93485406",34,"-61.94719444","-24.84422222",2018,NA,2018
22087036,"Chaco SemiĂƒÆ’Ă‚Â¡rido","6.440666667","7.510616223","17.61844155",45,"-61.94563889","-25.02475",2017,NA,2017
22087039,"Chaco SemiĂƒÆ’Ă‚Â¡rido","6.328571429","3.628","8.005280579",21,"-61.94330556","-25.2955",2018,NA,2018
22088029,"Chaco SemiĂƒÆ’Ă‚Â¡rido","4.948809524","5.902207599","10.12179692",42,"-61.85238889","-24.39219444",2017,NA,2017
22088030,"Chaco SemiĂƒÆ’Ă‚Â¡rido","5.575757576","5.512154564","9.967482201",33,"-61.85158333","-24.48244444",2018,"sin_pendiente",2018
22088032,"Chaco SemiĂƒÆ’Ă‚Â¡rido","7.815384615","7.825244931","17.83376081",39,"-61.84988889","-24.66297222",2017,"sin_pendiente",2017
22088033,"Chaco SemiĂƒÆ’Ă‚Â¡rido","6.805357143","5.38941376","11.5492507",28,"-61.84908333","-24.75325",2017,NA,2017
22088034,"Chaco SemiĂƒÆ’Ă‚Â¡rido","7.690322581","5.49223491","9.316746443",31,"-61.84825","-24.8435",2017,NA,2017
22088036,"Chaco SemiĂƒÆ’Ă‚Â¡rido","5.682926829","6.080053399","10.86520699",41,"-61.84658333","-25.024",2018,NA,2018
22088039,"Chaco SemiĂƒÆ’Ă‚Â¡rido","5.892","4.381812929","8.201670332",22,"-61.84402778","-25.29477778",2017,NA,2017
22088040,"Chaco SemiĂƒÆ’Ă‚Â¡rido","7.414285714","2.731510807","4.568849612",14,"-61.84319444","-25.38502778",2018,NA,2018
22089029,"Chaco SemiĂƒÆ’Ă‚Â¡rido","5.8","6.011256045","14.46651102",35,"-61.75383333","-24.39141667",2018,"sin_pendiente",2018
22089031,"Chaco SemiĂƒÆ’Ă‚Â¡rido","6.266666667","5.684983402","12.86523527",30,"-61.75202778","-24.57191667",2018,NA,2018
22089033,"Chaco SemiĂƒÆ’Ă‚Â¡rido","6.832105263","7.033828437","15.28154516",38,"-61.75022222","-24.75244444",2017,"sin_pendiente",2017
22089035,"Chaco SemiĂƒÆ’Ă‚Â¡rido","5.553571429","5.005207532","11.05533288",28,"-61.74847222","-24.933",2018,"sin_pendiente",2018
22089037,"Chaco SemiĂƒÆ’Ă‚Â¡rido","8.711538462","5.240198171","12.45925401",26,"-61.74658333","-25.11344444",2017,NA,2017
22089039,"Chaco SemiĂƒÆ’Ă‚Â¡rido","5.851612903","4.759429873","8.593779266",31,"-61.74475","-25.294",2017,NA,2017
22089040,"Chaco SemiĂƒÆ’Ă‚Â¡rido","6.011428571","4.991","7.358655909",35,"-61.74380556","-25.38422222",2018,NA,2018
22089041,"Chaco SemiĂƒÆ’Ă‚Â¡rido","6.282142857","4.48237536","10.22869778",28,"-61.74288889","-25.47447222",2018,NA,2018
22090030,"Chaco SemiĂƒÆ’Ă‚Â¡rido","6.170454545","5.685939228","9.777832264",44,"-61.65430556","-24.48080556",2017,NA,2017
22090033,"Chaco SemiĂƒÆ’Ă‚Â¡rido","5.531034483","3.686244763","6.303677288",29,"-61.65138889","-24.75155556",2017,"sin_pendiente",2017
22090035,"Chaco SemiĂƒÆ’Ă‚Â¡rido","6.441176471","8.755977471","15.58734182",51,"-61.64947222","-24.93211111",2017,"sin_pendiente",2017
22090037,"Chaco SemiĂƒÆ’Ă‚Â¡rido","5.924242424","4.958142454","9.472666907",33,"-61.64747222","-25.11258333",2017,NA,2017
22090038,"Chaco SemiĂƒÆ’Ă‚Â¡rido","5.534848485","4.917099506","7.822313752",33,"-61.64644444","-25.20283333",2017,NA,2017
22090042,"Chaco SemiĂƒÆ’Ă‚Â¡rido","6.02027027","6.308905093","11.0148716",37,"-61.64244444","-25.56377778",2017,NA,2017
22091033,"Chaco SemiĂƒÆ’Ă‚Â¡rido","5","2.176548643","4.260446765",13,"-61.55258333","-24.75063889",2018,NA,2018
22091034,"Chaco SemiĂƒÆ’Ă‚Â¡rido","5.834545455","6.929859292","14.57337048",55,"-61.55155556","-24.84091667",2017,"sin_pendiente",2017
22091035,"Chaco SemiĂƒÆ’Ă‚Â¡rido","6.2","9.788084961","18.68412491",58,"-61.55047222","-24.93116667",2017,NA,2017
22091037,"Chaco SemiĂƒÆ’Ă‚Â¡rido","6.141463415","7.157639392","15.92623587",41,"-61.54836111","-25.11163889",2018,"sin_pendiente",2018
22091038,"Chaco SemiĂƒÆ’Ă‚Â¡rido","5.85","3.606519433","8.384084475",19,"-61.54727778","-25.20188889",2018,"sin_pendiente",2018
22091039,"Chaco SemiĂƒÆ’Ă‚Â¡rido","5.507692308","4.083843942","6.731043452",26,"-61.54722222","-25.29219444",2017,NA,2017
22091040,"Chaco SemiĂƒÆ’Ă‚Â¡rido","7.525","3.48","8.169978731",16,"-61.54511111","-25.38238889",2017,NA,2017
22091043,"Chaco SemiĂƒÆ’Ă‚Â¡rido","5.792307692","6.150400459","12.75423699",39,"-61.54180556","-25.65311111",2017,NA,2017
22092032,"Chaco SemiĂƒÆ’Ă‚Â¡rido","6.586956522","5.238926656","16.30836557",23,"-61.45486111","-24.65944444",2017,"sin_pendiente",2017
22092033,"Chaco SemiĂƒÆ’Ă‚Â¡rido","5.125","2.112289813","3.425174483",16,"-61.45375","-24.74966667",2017,NA,2017
22092035,"Chaco SemiĂƒÆ’Ă‚Â¡rido","9.141666667","4.059548455","15.15474451",12,"-61.4515","-24.93016667",2017,NA,2017
22092036,"Chaco SemiĂƒÆ’Ă‚Â¡rido","6.392857143","4.770783504","7.874677975",28,"-61.45041667","-25.02036111",2017,NA,2017
22092037,"Chaco SemiĂƒÆ’Ă‚Â¡rido","4.955172414","2.944100531","5.407911238",29,"-61.44925","-25.11063889",2018,"sin_pendiente",2018
22092038,"Chaco SemiĂƒÆ’Ă‚Â¡rido","5.117647059","4.681203678","9.500145796",34,"-61.44813889","-25.20086111",2018,"sin_pendiente",2018
22092039,"Chaco SemiĂƒÆ’Ă‚Â¡rido","6.07","7.006397804","22.48085929",40,"-61.44697222","-25.29108333",2018,"sin_pendiente",2018
22092040,"Chaco SemiĂƒÆ’Ă‚Â¡rido","6.440277778","5.752598629","11.1441435",36,"-61.44580556","-25.38136111",2017,NA,2017
22093033,"Chaco SemiĂƒÆ’Ă‚Â¡rido","6.026829268","6.031645046","9.381304209",41,"-61.35494444","-24.74861111",2017,"sin_pendiente",2017
22093037,"Chaco SemiĂƒÆ’Ă‚Â¡rido","6.915","6.726852174","11.2386669",40,"-61.35013889","-25.10958333",2017,NA,2017
22093042,"Chaco SemiĂƒÆ’Ă‚Â¡rido","5.887209302","6.004805359","11.04431971",43,"-61.34397222","-25.56075",2017,NA,2017
22093043,"Chaco SemiĂƒÆ’Ă‚Â¡rido","6.93220339","9.063676734","15.03822284",59,"-61.34277778","-25.65097222",2017,"sin_pendiente",2017
22094036,"Chaco SemiĂƒÆ’Ă‚Â¡rido","6.85","7.560099203","14.34737907",44,"-61.25230556","-25.01822222",2018,"sin_pendiente",2018
22094038,"Chaco SemiĂƒÆ’Ă‚Â¡rido","6.621875","5.158493511","9.799144514",32,"-61.24975","-25.19866667",2018,NA,2018
22094041,"Chaco SemiĂƒÆ’Ă‚Â¡rido","5.870338983","7.523003465","11.99140662",59,"-61.24583333","-25.46847222",2017,NA,2017
22094042,"Chaco SemiĂƒÆ’Ă‚Â¡rido","4.763043478","15.91927294","22.51289839",115,"-61.24552778","-25.55958333",2017,NA,2017
22095038,"Chaco SemiĂƒÆ’Ă‚Â¡rido","6","3.100286576","5.93367483",18,"-61.15058333","-25.19744444",2018,"sin_pendiente",2018
22095039,"Chaco SemiĂƒÆ’Ă‚Â¡rido","6.838461538","5.618465395","13.33841222",26,"-61.14922222","-25.28769444",2018,NA,2018
22095040,"Chaco SemiĂƒÆ’Ă‚Â¡rido","7.088571429","6.809696039","13.63458532",35,"-61.14783333","-25.37791667",2017,NA,2017
22096037,"Chaco SemiĂƒÆ’Ă‚Â¡rido","6.036956522","5.826820311","10.14954802",46,"-61.05280556","-25.10597222",2018,"sin_pendiente",2018
22096039,"Chaco SemiĂƒÆ’Ă‚Â¡rido","6.225","7.161056753","15.15540369",44,"-61.04994444","-25.28641667",2018,NA,2018
22097036,"Chaco SemiĂƒÆ’Ă‚Â¡rido","6.597777778","7.114523843","14.11750426",45,"-60.95527778","-25.01441667",2018,"sin_pendiente",2018
22097041,"Chaco SemiĂƒÆ’Ă‚Â¡rido","6.534482759","5.516620237","10.35838288",29,"-60.94769444","-25.4655",2017,NA,2017
22098040,"Chaco SemiĂƒÆ’Ă‚Â¡rido","8.951454545","3.922836617","13.31773418",11,"-60.84986111","-25.37386111",2017,NA,2017
22098041,"Chaco SemiĂƒÆ’Ă‚Â¡rido","7.3025","8.218023677","18.52527099",39,"-60.84836111","-25.46405556",2017,NA,2017
22099038,"Chaco SemiĂƒÆ’Ă‚Â¡rido","5.903225806","5.150588872","8.881559991",31,"-60.75397222","-25.19197222",2018,NA,2018
22099039,"Chaco SemiĂƒÆ’Ă‚Â¡rido","5.147540984","8.108876121","11.75003043",61,"-60.75230556","-25.28219444",2018,NA,2018
22099041,"Chaco SemiĂƒÆ’Ă‚Â¡rido","6.456","4.549940927","11.10111059",25,"-60.74894444","-25.46258333",2017,NA,2017
22099043,"Chaco SemiĂƒÆ’Ă‚Â¡rido","6.78974359","7.254060804","14.25019767",39,"-60.74558333","-25.64297222",2017,NA,2017
22100039,"Chaco SemiĂƒÆ’Ă‚Â¡rido","4.996610169","7.756119841","13.22823594",59,"-60.65313889","-25.28058333",2018,NA,2018
22100040,"Chaco SemiĂƒÆ’Ă‚Â¡rido","5.827586207","5.152912868","10.91567283",29,"-60.65133333","-25.37080556",2018,NA,2018
22100041,"Chaco SemiĂƒÆ’Ă‚Â¡rido","7.047619048","3.962307613","8.351650987",21,"-60.64961111","-25.46102778",2017,NA,2017
22100043,"Chaco SemiĂƒÆ’Ă‚Â¡rido","7.521428571","7.760426776","15.64641169",42,"-60.64611111","-25.64141667",2017,NA,2017
22101041,"Chaco SemiĂƒÆ’Ă‚Â¡rido","5.342222222","6.300676306","9.146101885",45,"-60.55027778","-25.45938889",2017,NA,2017
22102043,"Chaco SemiĂƒÆ’Ă‚Â¡rido","5.81","3.791482957","6.240467815",30,"-60.44713889","-25.63805556",2017,NA,2017
22103043,"Chaco SemiĂƒÆ’Ă‚Â¡rido","7.021428571","4.702714376","9.09244843",28,"-60.34763889","-25.63627778",2017,NA,2017
34084022,"Chaco SemiĂƒÆ’Ă‚Â¡rido","6.790625","5.657312523","14.43713029",32,"-62.25035","-23.76275",2018,NA,2018
34084023,"Chaco SemiĂƒÆ’Ă‚Â¡rido","5.812121212","4.771537221","10.14130212",33,"-62.24985","-23.85301667",2018,NA,2018
34085021,"Chaco SemiĂƒÆ’Ă‚Â¡rido","6.939473684","6.25852243","14.54344744",37,"-62.15281667","-23.67194444",2018,"sin_pendiente",2018
34085022,"Chaco SemiĂƒÆ’Ă‚Â¡rido","6.338888889","6.345611057","16.85554984",36,"-62.15228333","-23.76218333",2018,"sin_pendiente",2018
34085024,"Chaco SemiĂƒÆ’Ă‚Â¡rido","6.633333333","4.79758184","7.841250016",30,"-62.15101667","-23.94278333",2018,"sin_pendiente",2018
34085026,"Chaco SemiĂƒÆ’Ă‚Â¡rido","5.93125","2.859253438","4.80472408",14,"-62.14988333","-24.12331667",2018,"sin_pendiente",2018
34086021,"Chaco SemiĂƒÆ’Ă‚Â¡rido","5.366666667","4.061486174","6.40629592",33,"-62.0548","-23.67133333",2018,"sin_pendiente",2018
34086023,"Chaco SemiĂƒÆ’Ă‚Â¡rido","7.52","2.369856294","5.367528858",10,"-62.05356667","-23.85193333",2018,NA,2018
34086025,"Chaco SemiĂƒÆ’Ă‚Â¡rido","6.269565217","3.793516795","9.39171262",23,"-62.0522","-24.03245",2018,"sin_pendiente",2018
34087021,"Chaco SemiĂƒÆ’Ă‚Â¡rido","5.969230769","5.900104514","13.25543019",39,"-61.95675","-23.67068333",2018,"sin_pendiente",2018
34087022,"Chaco SemiĂƒÆ’Ă‚Â¡rido","5.3","4.088055639","9.754952044",31,"-61.95608333","-23.76096667",2018,"sin_pendiente",2018
34087023,"Chaco SemiĂƒÆ’Ă‚Â¡rido","5.7125","4.672415481","7.575616654",39,"-61.95535","-23.85128333",2018,"sin_pendiente",2018
34087025,"Chaco SemiĂƒÆ’Ă‚Â¡rido","5.393103448","3.962405327","7.937514069",29,"-61.9539","-24.03185",2018,NA,2018
34087027,"Chaco SemiĂƒÆ’Ă‚Â¡rido","6.456521739","7.03572693","14.11300982",46,"-61.95243333","-24.21238333",2018,"sin_pendiente",2018
34088024,"Chaco SemiĂƒÆ’Ă‚Â¡rido","5.295238095","2.091743482","3.28864825",21,"-61.85641667","-23.94085",2018,"sin_pendiente",2018
34088025,"Chaco SemiĂƒÆ’Ă‚Â¡rido","5.947058824","4.773321216","8.569657882",34,"-61.8556","-24.03113333",2018,"sin_pendiente",2018
34088027,"Chaco SemiĂƒÆ’Ă‚Â¡rido","6.970731707","7.239479012","12.25335308",40,"-61.854","-24.21165",2018,"sin_pendiente",2018
34089023,"Chaco SemiĂƒÆ’Ă‚Â¡rido","5.438461538","2.981514069","5.351482074",26,"-61.75905","-23.84983333",2018,"sin_pendiente",2018
34089024,"Chaco SemiĂƒÆ’Ă‚Â¡rido","6.007142857","3.808887153","7.610941193",28,"-61.75818333","-23.94015",2018,"sin_pendiente",2018
34089026,"Chaco SemiĂƒÆ’Ă‚Â¡rido","7.063333333","5.338618145","12.09110655",30,"-61.75646667","-24.12063333",2018,"sin_pendiente",2018
34089027,"Chaco SemiĂƒÆ’Ă‚Â¡rido","5.352","3.038252918","4.669611091",25,"-61.75558333","-24.21088333",2018,"sin_pendiente",2018
34090021,"Chaco SemiĂƒÆ’Ă‚Â¡rido","6.078787879","6.289817611","17.43601822",33,"-61.66278333","-23.66848333",2018,"sin_pendiente",2018
34090022,"Chaco SemiĂƒÆ’Ă‚Â¡rido","5.5","6.48764354","13.80167186",47,"-61.66186667","-23.75871667",2018,"sin_pendiente",2018
34090025,"Chaco SemiĂƒÆ’Ă‚Â¡rido","5.579591837","5.973922908","11.17795183",49,"-61.65905","-24.02953333",2018,"sin_pendiente",2018
34090028,"Chaco SemiĂƒÆ’Ă‚Â¡rido","6.181578947","4.683795892","6.56327023",38,"-61.65623333","-24.3003",2018,"sin_pendiente",2018
34090029,"Chaco SemiĂƒÆ’Ă‚Â¡rido","5.716666667","7.655825997","19.85372918",47,"-61.65528333","-24.39056667",2018,"sin_pendiente",2018
34091022,"Chaco SemiĂƒÆ’Ă‚Â¡rido","6.379310345","4.70175063","10.58996632",29,"-61.56371667","-23.75786667",2018,"sin_pendiente",2018
34091025,"Chaco SemiĂƒÆ’Ă‚Â¡rido","5.743478261","3.582994838","7.929105125",22,"-61.56076667","-24.02863333",2018,"sin_pendiente",2018
34091028,"Chaco SemiĂƒÆ’Ă‚Â¡rido","5.523636364","6.698466877","10.52900937",55,"-61.55775","-24.29938333",2018,"sin_pendiente",2018
34091029,"Chaco SemiĂƒÆ’Ă‚Â¡rido","6.395744681","8.969835338","41.4884548",46,"-61.55673333","-24.38966667",2018,"sin_pendiente",2018
34091030,"Chaco SemiĂƒÆ’Ă‚Â¡rido","7.068571429","5.974108504","11.14239937",35,"-61.5557","-24.47991667",2018,"sin_pendiente",2018
34092022,"Chaco SemiĂƒÆ’Ă‚Â¡rido","5.434210526","5.55914464","9.155518338",38,"-61.4657","-23.75691667",2018,"sin_pendiente",2018
34092025,"Chaco SemiĂƒÆ’Ă‚Â¡rido","8.252631579","6.647","12.23352288",37,"-61.46248333","-24.02766667",2018,"sin_pendiente",2018
34092027,"Chaco SemiĂƒÆ’Ă‚Â¡rido","7.472727273","4.052882683","7.359237732",22,"-61.46036667","-24.20818333",2018,"sin_pendiente",2018
34092028,"Chaco SemiĂƒÆ’Ă‚Â¡rido","5.644444444","5.010017543","7.920749903",45,"-61.45928333","-24.29843333",2018,"sin_pendiente",2018
34092029,"Chaco SemiĂƒÆ’Ă‚Â¡rido","5.404166667","6.16041203","11.822239",48,"-61.45818333","-24.38868333",2018,"sin_pendiente",2018
34092031,"Chaco SemiĂƒÆ’Ă‚Â¡rido","6.098039216","8.246187864","36.5689136",49,"-61.45598333","-24.56918333",2018,"sin_pendiente",2018
34093022,"Chaco SemiĂƒÆ’Ă‚Â¡rido","6.372413793","4.493496303","8.228565193",28,"-61.36766667","-23.75591667",2018,"sin_pendiente",2018
34093024,"Chaco SemiĂƒÆ’Ă‚Â¡rido","6.756756757","6.1812793","12.48268369",37,"-61.36543333","-23.93638333",2018,"sin_pendiente",2018
34093025,"Chaco SemiĂƒÆ’Ă‚Â¡rido","5.542424242","4.362456106","7.352808934",33,"-61.36425","-24.02666667",2018,"sin_pendiente",2018
34093031,"Chaco SemiĂƒÆ’Ă‚Â¡rido","7.246153846","4.042843551","8.152280255",26,"-61.3573","-24.56813333",2018,"sin_pendiente",2018
34094022,"Chaco SemiĂƒÆ’Ă‚Â¡rido","6.13125","2.590875976","4.355963748",16,"-61.26956667","-23.75485",2018,"sin_pendiente",2018
34094023,"Chaco SemiĂƒÆ’Ă‚Â¡rido","8.047826087","5.803","18.05308561",23,"-61.26841667","-23.84508333",2019,"sin_pendiente",2019
34094024,"Chaco SemiĂƒÆ’Ă‚Â¡rido","10.06060606","6.969844198","15.07188901",33,"-61.26719444","-23.93533333",2019,"sin_pendiente",2019
34094025,"Chaco SemiĂƒÆ’Ă‚Â¡rido","6.05","4.703751295","8.471501254",34,"-61.266","-24.02558333",2018,"sin_pendiente",2018
34094026,"Chaco SemiĂƒÆ’Ă‚Â¡rido","5.652173913","4.904773499","12.18715588",23,"-61.26477778","-24.11583333",2018,"sin_pendiente",2018
34094029,"Chaco SemiĂƒÆ’Ă‚Â¡rido","7.116666667","7.738779326","14.48924067",54,"-61.2611","-24.38655",2018,"sin_pendiente",2018
34094030,"Chaco SemiĂƒÆ’Ă‚Â¡rido","7.4","8.540265381","22.67382765",51,"-61.25986667","-24.47678333",2018,"sin_pendiente",2018
34094031,"Chaco SemiĂƒÆ’Ă‚Â¡rido","5.623636364","6.905197165","12.7458857",55,"-61.25861667","-24.56701667",2018,"sin_pendiente",2018
34095023,"Chaco SemiĂƒÆ’Ă‚Â¡rido","9.503030303","9.508258059","52.57839931",33,"-61.17030556","-23.84397222",2019,"sin_pendiente",2019
34095024,"Chaco SemiĂƒÆ’Ă‚Â¡rido","8.908333333","5.819676479","10.85905764",36,"-61.16902778","-23.93419444",2019,"sin_pendiente",2019
34095025,"Chaco SemiĂƒÆ’Ă‚Â¡rido","9.678571429","6.288045052","14.95969315",28,"-61.16772222","-24.02444444",2019,"sin_pendiente",2019
34095028,"Chaco SemiĂƒÆ’Ă‚Â¡rido","6.1359375","9.285444449","19.08971034",64,"-61.16388333","-24.29515",2018,"sin_pendiente",2018
34095032,"Chaco SemiĂƒÆ’Ă‚Â¡rido","7.632","7.808163194","12.9692033",50,"-61.15863333","-24.6561",2018,"sin_pendiente",2018
34096022,"Chaco SemiĂƒÆ’Ă‚Â¡rido","6.030612245","5.929109183","8.618641359",49,"-61.07348333","-23.75251667",2018,"sin_pendiente",2018
34096024,"Chaco SemiĂƒÆ’Ă‚Â¡rido","6.023076923","6.063506705","12.9516513",39,"-61.0709","-23.933",2018,"sin_pendiente",2018
34096026,"Chaco SemiĂƒÆ’Ă‚Â¡rido","6.496226415","9.455983992","28.57289475",52,"-61.06815","-24.11345",2018,"sin_pendiente",2018
34096032,"Chaco SemiĂƒÆ’Ă‚Â¡rido","5.175","4.888126574","9.461623659",36,"-61.0599","-24.65485",2019,"sin_pendiente",2019
34097025,"Chaco SemiĂƒÆ’Ă‚Â¡rido","5.897619048","6.546868036","13.61591192",42,"-60.97126667","-24.02198333",2018,"sin_pendiente",2018
34097026,"Chaco SemiĂƒÆ’Ă‚Â¡rido","5.9675","5.900203868","13.45560305",40,"-60.96985","-24.11218333",2018,"sin_pendiente",2018
34097027,"Chaco SemiĂƒÆ’Ă‚Â¡rido","5.605714286","4.250609712","6.425813692",35,"-60.96843333","-24.20243333",2018,"sin_pendiente",2018
34097030,"Chaco SemiĂƒÆ’Ă‚Â¡rido","6.735","5.87555835","9.800007038",40,"-60.96413333","-24.47308333",2018,"sin_pendiente",2018
34097032,"Chaco SemiĂƒÆ’Ă‚Â¡rido","7.330232558","9.016925227","23.9734556",43,"-60.96118333","-24.65353333",2018,"sin_pendiente",2018
34097034,"Chaco SemiĂƒÆ’Ă‚Â¡rido","6.970588235","8.674242796","18.59784885",51,"-60.95823333","-24.83398333",2018,"sin_pendiente",2018
34098026,"Chaco SemiĂƒÆ’Ă‚Â¡rido","6.117391304","6.308643063","12.84726481",46,"-60.87155","-24.11085",2018,"sin_pendiente",2018
34098030,"Chaco SemiĂƒÆ’Ă‚Â¡rido","6.705263158","6.084356017","11.71358796",38,"-60.86551667","-24.47175",2018,"sin_pendiente",2018
34098032,"Chaco SemiĂƒÆ’Ă‚Â¡rido","6.631914894","7.721840769","16.14135909",47,"-60.86248333","-24.65215",2018,"sin_pendiente",2018
34098036,"Chaco SemiĂƒÆ’Ă‚Â¡rido","5.894230769","6.820310323","11.04398686",51,"-60.85625","-25.01303333",2018,"sin_pendiente",2018
34099025,"Chaco SemiĂƒÆ’Ă‚Â¡rido","5.586206897","5.65842104","14.05148197",29,"-60.77476667","-24.01926667",2018,"sin_pendiente",2018
34099027,"Chaco SemiĂƒÆ’Ă‚Â¡rido","6.20125","6.734210767","12.52428356",39,"-60.7717","-24.19963333",2018,"sin_pendiente",2018
34099036,"Chaco SemiĂƒÆ’Ă‚Â¡rido","7.145945946","5.298542416","8.782028917",37,"-60.75726667","-25.01156667",2018,"sin_pendiente",2018
34100024,"Chaco SemiĂƒÆ’Ă‚Â¡rido","6.192307692","4.35483987","10.18720323",26,"-60.67823333","-23.92755",2018,"sin_pendiente",2018
34100027,"Chaco SemiĂƒÆ’Ă‚Â¡rido","5.5","5.346842401","8.082356021",36,"-60.67335","-24.19818333",2018,"sin_pendiente",2018
34100028,"Chaco SemiĂƒÆ’Ă‚Â¡rido","6.518644068","9.766423954","18.51703601",58,"-60.6718","-24.2884",2018,"sin_pendiente",2018
34100033,"Chaco SemiĂƒÆ’Ă‚Â¡rido","7.823404255","8.899581736","16.42985924",47,"-60.66336667","-24.73943333",2018,"sin_pendiente",2018
34100035,"Chaco SemiĂƒÆ’Ă‚Â¡rido","5.633333333","4.786498224","11.15120282",36,"-60.65998333","-24.91983333",2018,"sin_pendiente",2018
34100036,"Chaco SemiĂƒÆ’Ă‚Â¡rido","6.591666667","3.972662533","7.907493638",24,"-60.65828333","-25.01003333",2019,"sin_pendiente",2019
34101027,"Chaco SemiĂƒÆ’Ă‚Â¡rido","5.893939394","6.09676517","11.55614312",32,"-60.57501667","-24.19666667",2018,"sin_pendiente",2018
34101029,"Chaco SemiĂƒÆ’Ă‚Â¡rido","6.211111111","7.789217465","14.20447344",62,"-60.57156667","-24.37708333",2018,"sin_pendiente",2018
34101030,"Chaco SemiĂƒÆ’Ă‚Â¡rido","7.931578947","8.866586231","15.34506887",56,"-60.5698","-24.4673",2018,"sin_pendiente",2018
34101033,"Chaco SemiĂƒÆ’Ă‚Â¡rido","6.472222222","6.008358238","13.73541379",36,"-60.56465","-24.73778333",2018,"sin_pendiente",2018
34101034,"Chaco SemiĂƒÆ’Ă‚Â¡rido","6.504651163","6.363732851","10.33417109",41,"-60.56285","-24.82806667",2018,"sin_pendiente",2018
34101035,"Chaco SemiĂƒÆ’Ă‚Â¡rido","6.261403509","7.452398863","11.92528127",57,"-60.56106667","-24.91825",2018,"sin_pendiente",2018
34102025,"Chaco SemiĂƒÆ’Ă‚Â¡rido","4.705882353","7.13058019","11.5700361",50,"-60.48018333","-24.0147",2018,"sin_pendiente",2018
34102026,"Chaco SemiĂƒÆ’Ă‚Â¡rido","5.805555556","5.861126603","11.67108936",36,"-60.47845","-24.10488333",2018,"sin_pendiente",2018
34102027,"Chaco SemiĂƒÆ’Ă‚Â¡rido","6.453846154","10.98214003","16.94427815",65,"-60.47665","-24.1951",2018,"sin_pendiente",2018
34102029,"Chaco SemiĂƒÆ’Ă‚Â¡rido","6.518604651","6.779583844","10.82435592",40,"-60.47311667","-24.37545",2018,"sin_pendiente",2018
34102030,"Chaco SemiĂƒÆ’Ă‚Â¡rido","5.104166667","12.83130593","19.14949822",96,"-60.47125","-24.4658",2018,"sin_pendiente",2018
34102035,"Chaco SemiĂƒÆ’Ă‚Â¡rido","6.923404255","7.468544358","14.917863",46,"-60.4622","-24.9166",2018,"sin_pendiente",2018
34102036,"Chaco SemiĂƒÆ’Ă‚Â¡rido","6.134782609","8.94663945","15.6676776",69,"-60.46031667","-25.00678333",2018,"sin_pendiente",2018
34102037,"Chaco SemiĂƒÆ’Ă‚Â¡rido","6.752727273","7.789597413","13.41396862",55,"-60.45846667","-25.09696667",2018,"sin_pendiente",2018
34103027,"Chaco SemiĂƒÆ’Ă‚Â¡rido","5.362068966","4.941396796","9.38928087",29,"-60.37833333","-24.19335",2018,"sin_pendiente",2018
34103032,"Chaco SemiĂƒÆ’Ă‚Â¡rido","5.360655738","8.024295658","12.4115805",59,"-60.369","-24.6444",2018,"sin_pendiente",2018
34103039,"Chaco SemiĂƒÆ’Ă‚Â¡rido","7.936585366","7.412176919","14.98726864",41,"-60.35553333","-25.2756",2018,"sin_pendiente",2018
86083043,"Chaco SemiĂƒÆ’Ă‚Â¡rido","6.168421053","3.932543533","10.43403761",19,"-62.33852778","-25.65886111",2015,NA,2015
86086043,"Chaco SemiĂƒÆ’Ă‚Â¡rido","7.065217391","4.430766379","10.14876985",23,"-62.03977778","-25.65722222",2016,NA,2016
